zip_code,city,latitude,longitude,total_results
10451,Bronx,40.822142,-73.931128,1
10454,Bronx,40.80733842809466,-73.9300472661853,1
10455,Bronx,40.808151,-73.902589,2
10455,Bronx,40.80549,-73.90049,2
10458,Bronx,40.86095,-73.889379,2
10458,Bronx,40.8732909,-73.884626,2
10459,Bronx,40.822935,-73.890483,3
10459,The Bronx,40.831638,-73.891659,3
10459,The Bronx,40.808441,-73.91811,3
10460,Bronx,40.850018,-73.878128,5
10460,Bronx,40.838672,-73.877566,5
10460,Bronx,40.846205,-73.876513,5
10460,Bronx,40.850625,-73.881132,5
10460,Bronx,40.846612,-73.876323,5
10462,Bronx,40.8441883,-73.8615724,2
10462,Bronx,40.83174,-73.84485,2
10463,Bronx,40.878532,-73.916201,4
10463,Bronx,40.880142,-73.907385,4
10463,Bronx,40.888461,-73.899119,4
10463,Bronx,40.879501,-73.903603,4
10465,Bronx,40.8124589,-73.83447,1
10466,Bronx,40.894881,-73.860525,2
10466,Bronx,40.8827858370269,-73.8419855959349,2
10467,New York,40.879718,-73.880394,5
10467,Bronx,40.879413,-73.875485,5
10467,Bronx,40.892423,-73.882373,5
10467,Bronx,40.882337,-73.880265,5
10467,New York,40.883002,-73.880698,5
10468,Bronx,40.867403,-73.906405,4
10468,Bronx,40.86334,-73.900066,4
10468,West Bronx,40.872524,-73.890564,4
10468,Bronx,40.875421,-73.893941,4
10469,Bronx,40.876952,-73.845534,2
10469,Williamsbridge,40.874265,-73.852887,2
10470,Bronx,40.905461,-73.849791,1
10471,Riverdale,40.908654,-73.905897,4
10471,Riverdale,40.90872,-73.905883,4
10471,Bronx,40.88734,-73.89526,4
10471,The Bronx,40.8924692,-73.9091145,4
10472,Bronx,40.83051,-73.87437,1
10473,Bronx,40.82289,-73.841375,2
10473,Bronx,40.821451,-73.877642,2
10474,Bronx,40.805695,-73.880803,1
10475,Bronx,40.863231,-73.828839,2
10475,Bronx,40.869205,-73.831633,2
11001,Floral Park,40.725681,-73.718546,1
11101,Long Island City,40.743049,-73.959245,23
11101,Long Island City,40.747589,-73.942612,23
11101,New York,40.748757,-73.943417,23
11101,Long Island City,40.7416517,-73.9361599,23
11101,Long Island City,40.7515557,-73.9414058,23
11101,Astoria,40.7560685,-73.9204663,23
11101,Long Island City,40.749941,-73.939887,23
11101,LIC,40.744546,-73.926319,23
11101,LIC,40.744557,-73.926271,23
11101,Long Island City,40.742397,-73.959225,23
11101,Long Island City,40.755417,-73.923072,23
11101,Queens,40.744363,-73.93112,23
11101,LIC,40.745401,-73.946148,23
11101,LIC,40.745399,-73.946226,23
11101,LIC,40.745344,-73.94618,23
11101,LIC,40.745355,-73.94625,23
11101,Long Island,40.745475,-73.942225,23
11101,LIC,40.745393,-73.946234,23
11101,Long Island City,40.743643,-73.936591,23
11101,Long Island City,40.74679,-73.94111,23
11101,Queens,40.754038,-73.919413,23
11101,Queens,40.754044,-73.919245,23
11101,Long Island City,40.75402,-73.9493,23
11102,Astoria,40.7732937,-73.934466,1
11103,Queens,40.765233,-73.918436,1
11105,Astoria,40.77364,-73.91352,2
11105,Astoria,40.776957,-73.90115,2
11106,Astoria,40.762502,-73.924507,3
11106,Astoria,40.7623317,-73.9269683,3
11106,Astoria,40.761412,-73.923755,3
11109,Long Island City,40.745627,-73.955638,6
11109,Long Island City,40.745011,-73.957424,6
11109,Long Island City,40.747676,-73.956012,6
11109,Long Island City,40.7449626,-73.9568845,6
11109,Queens,40.744127,-73.95684,6
11109,Queens,40.744152,-73.956666,6
11354,Queens,40.769623,-73.843069,11
11354,Flushing,40.773093,-73.839802,11
11354,Flushing,40.75674,-73.836223,11
11354,Flushing,40.7710075,-73.8430625,11
11354,Flushing,40.75619,-73.8363,11
11354,Flushing,40.762331,-73.825583,11
11354,Flushing,40.758956,-73.832331,11
11354,Flushing,40.760965,-73.829807,11
11354,Flushing,40.761959,-73.829813,11
11354,Flushing,40.760856,-73.829765,11
11354,Flushing,40.76517,-73.832336,11
11355,Flushing,40.7538611,-73.823669,4
11355,Queens,40.756604,-73.828138,4
11355,Flushing,40.753624,-73.823573,4
11355,Flushing,40.757772,-73.826935,4
11360,Bayside,40.778036,-73.780899,1
11361,Bayside,40.758245,-73.776954,3
11361,Bayside,40.758245,-73.776954,3
11361,Bayside,40.75717,-73.76397,3
11362,Queens,40.757564,-73.728618,1
11365,Queens,40.74027,-73.790815,1
11367,Queens,40.735874,-73.815819,1
11368,Queens,40.760424,-73.856316,6
11368,Queens,40.761212,-73.857765,6
11368,Queens,40.760345,-73.85546,6
11368,Queens,40.76038,-73.85531,6
11368,Queens,40.760345,-73.85537,6
11368,Queens,40.76033,-73.855286,6
11369,East Elmhurst,40.767948,-73.867784,3
11369,East Elmhurst,40.77049,-73.87014,3
11369,Queens,40.760611,-73.85697,3
11370,Queens,40.7654021,-73.8890281,2
11370,Queens,40.76447,-73.8863,2
11372,Jackson Heights,40.755072,-73.892094,3
11372,Jackson Heights,40.755839,-73.8806563,3
11372,Jackson Heights,40.74894,-73.893721,3
11373,Queens,40.735082,-73.87067,3
11373,Elmhurst,40.73487,-73.87038,3
11373,Queens,40.745853,-73.884134,3
11374,Rego Park,40.714771,-73.859421,4
11374,Rego Park,40.728618,-73.856054,4
11374,Rego Park,40.732255,-73.866674,4
11374,Rego Park,40.733347,-73.858012,4
11375,Forest Hills,40.718526,-73.83648,7
11375,Forest Hills,40.719885,-73.83857,7
11375,Forest Hills,40.7218556,-73.8491057,7
11375,Forest Hills,40.72205,-73.849351,7
11375,Forest Hills,40.710752,-73.851417,7
11375,Forest Hills,40.715319,-73.830563,7
11375,Forest Hills,40.718455,-73.83651,7
11377,Woodside,40.7464805,-73.8922584,5
11377,Woodside,40.753602,-73.899789,5
11377,Woodside,40.753601,-73.899806,5
11377,Woodside,40.753602,-73.899825,5
11377,Woodside,40.75294433775417,-73.90461632141067,5
11378,Maspeth,40.726232,-73.895705,1
11379,Middle Village,40.711327,-73.89229,3
11379,Middle Village,40.711273,-73.89222,3
11379,Middle Village,40.711266,-73.89218,3
11385,Glendale,40.707998,-73.866983,1
11413,Jamaica,40.651931,-73.758355,2
11413,Jamaica,40.677402,-73.745064,2
11415,Kew Gardens,40.7119045,-73.8267727,3
11415,Kew Gardens,40.713705,-73.831217,3
11415,Queens,40.714376,-73.826095,3
11417,Ozone Park,40.68106,-73.84554,2
11417,Ozone Park,40.68106,-73.84554,2
11423,Hollis,40.718731,-73.773113,1
11432,Jamaica,40.705133,-73.801443,2
11432,Jamaica,40.717053,-73.808799,2
11433,Queens,40.701647,-73.803843,6
11433,JAMAICA,40.70522,-73.79147,6
11433,Jamaica,40.70525,-73.791534,6
11433,Jamaica,40.70524,-73.791466,6
11433,JAMAICA,40.705254,-73.7915,6
11433,Jamaica,40.70568,-73.791504,6
11435,Jamaica,40.717646,-73.812189,2
11435,Jamaica,40.717866,-73.812868,2
11691,Queens,40.592503,-73.762802,2
11691,Queens,40.592562,-73.762059,2
11692,Queens,40.5898135,-73.7999495,1
11694,Rockaway Park,40.581587,-73.830086,3
11694,Far Rockaway,40.5815,-73.8388,3
11694,Far Rockaway,40.58309,-73.82213,3
11201,Brooklyn,40.693999,-73.983809,23
11201,Brooklyn,40.696848,-73.983071,23
11201,Brooklyn,40.695115,-73.990993,23
11201,Brooklyn,40.694841,-73.982849,23
11201,Brooklyn,40.69306,-73.987222,23
11201,Brooklyn,40.692579,-73.985252,23
11201,Brooklyn,40.691469,-73.985446,23
11201,Brooklyn,40.692941,-74.000298,23
11201,Brooklyn,40.692062,-73.99816,23
11201,Brooklyn,40.702882,-73.990594,23
11201,Brooklyn,40.701461,-73.995566,23
11201,Brooklyn,40.689016,-73.988672,23
11201,Brooklyn,40.693122,-73.985696,23
11201,Brooklyn,40.693248,-73.981744,23
11201,Brooklyn,40.693476,-73.982605,23
11201,Brooklyn,40.695154,-73.983861,23
11201,New York,40.70182,-73.986824,23
11201,Brooklyn,40.6909872,-73.9901305,23
11201,Brooklyn,40.6910734,-73.9901973,23
11201,Brooklyn,40.6918,-73.99829,23
11201,Brooklyn,40.699487,-73.989516,23
11201,Brooklyn,40.693463,-73.988245,23
11201,Brooklyn,40.68849,-73.98355,23
11203,Brooklyn,40.65601,-73.940902,5
11203,Brooklyn,40.656102,-73.940436,5
11203,Brooklyn,40.654476,-73.946741,5
11203,Brooklyn,40.656148,-73.940355,5
11203,Brooklyn,40.66,-73.94,5
11204,Brooklyn,40.626403,-73.977822,1
11205,Brooklyn,40.692635,-73.969935,4
11205,Brooklyn,40.700302,-73.972272,4
11205,Brooklyn,40.705481,-73.972208,4
11205,Brooklyn,40.6986246,-73.9786207,4
11206,Brooklyn,40.69933379421704,-73.94966479629517,3
11206,Brooklyn,40.700039,-73.941261,3
11206,Brooklyn,40.7012,-73.9357,3
11207,Brooklyn,40.653468,-73.886256,1
11208,Brooklyn,40.661038,-73.864438,1
11209,Brooklyn,40.621698,-74.02567,3
11209,Brooklyn,40.619335,-74.029466,3
11209,Brooklyn,40.61517985216326,-74.0319846196921,3
11210,Brooklyn,40.618364,-73.945066,2
11210,Brooklyn,40.618355,-73.945087,2
11211,Brooklyn,40.718037,-73.932309,13
11211,Greenpoint,40.718053,-73.931508,13
11211,Brooklyn,40.719338,-73.963081,13
11211,Brooklyn,40.715033,-73.958595,13
11211,Brooklyn,40.719751,-73.954866,13
11211,Brooklyn,40.711729,-73.967698,13
11211,Brooklyn,40.718054,-73.951847,13
11211,Greenpoint,40.718053,-73.931508,13
11211,Brooklyn,40.709168,-73.968491,13
11211,Brooklyn,40.714318,-73.953186,13
11211,Brooklyn,40.7136044677631,-73.93309885767226,13
11211,New York,40.57978,-73.97439,13
11211,Brooklyn,40.70983,-73.95767,13
11212,Brooklyn,40.654381,-73.913436,1
11213,Brooklyn,40.674612,-73.944569,11
11213,Brooklyn,40.673563,-73.926284,11
11213,Brooklyn,40.673561,-73.926135,11
11213,Brooklyn,40.673561,-73.926143,11
11213,Brooklyn,40.673237,-73.925718,11
11213,Brooklyn,40.673186,-73.925637,11
11213,Brooklyn,40.673563,-73.926362,11
11213,Brooklyn,40.673181,-73.926415,11
11213,Brooklyn,40.673233,-73.925648,11
11213,Brooklyn,40.6732,-73.925696,11
11213,Brooklyn,40.673435,-73.926002,11
11215,Brooklyn,40.672884,-73.971541,10
11215,Brooklyn,40.6685202,-73.9904888,10
11215,Brooklyn,40.6732353,-73.9862323,10
11215,Brooklyn,40.674312,-73.98488,10
11215,Brooklyn,40.66696,-73.975032,10
11215,Brooklyn,40.6567801,-73.9777597,10
11215,Brooklyn,40.668517,-73.983283,10
11215,Brooklyn,40.667017,-73.988698,10
11215,Brooklyn,40.656459,-73.977527,10
11215,Brooklyn,40.668552,-73.97869,10
11216,Brooklyn,40.680168,-73.946022,1
11217,Brooklyn,40.689457,-73.978606,10
11217,Brooklyn,40.688086,-73.979234,10
11217,Brooklyn,40.6832871,-73.9735893,10
11217,Brooklyn,40.683715,-73.974337,10
11217,Brooklyn,40.686983,-73.980498,10
11217,Brooklyn,40.687913,-73.983039,10
11217,Brooklyn,40.683126,-73.982088,10
11217,Brooklyn,40.681151,-73.982101,10
11217,Brooklyn,40.681263,-73.981155,10
11217,Brooklyn,40.68608,-73.978252,10
11219,Borough Park,40.638583,-73.998687,11
11219,Borough Park,40.638561,-73.998686,11
11219,Borough Park,40.63855,-73.998668,11
11219,Borough Park,40.638531,-73.99858,11
11219,Borough Park,40.638557,-73.998678,11
11219,Borough Park,40.638536,-73.99864,11
11219,Borough Park,40.638581,-73.998691,11
11219,Borough Park,40.63851,-73.998605,11
11219,Borough Park,40.638594,-73.998676,11
11219,Borough Park,40.638545,-73.998658,11
11219,Brooklyn,40.6449449,-73.9914684,11
11220,Brooklyn,40.636324,-74.019228,2
11220,Sunset Park,40.63557,-74.01628,2
11221,Brooklyn,40.698707,-73.992365,1
11222,Brooklyn,40.736562,-73.959195,2
11222,Brooklyn,40.724591,-73.954512,2
11224,Brooklyn,40.57891694756012,-73.97537047469709,3
11224,Brooklyn,40.581652,-73.985056,3
11224,Brooklyn,40.57978,-73.97439,3
11225,Brooklyn,40.669936,-73.963069,1
11230,Brooklyn,40.628872,-73.971992,1
11231,Brooklyn,40.677412,-73.990986,7
11231,Brooklyn,40.6781552,-73.9904425,7
11231,Brooklyn,40.680484,-73.996719,7
11231,Red Hook,40.671397,-74.011643,7
11231,Red Hook,40.671379,-74.011649,7
11231,Red Hook,40.671393,-74.011584,7
11231,Red Hook,40.671404,-74.011655,7
11232,Brooklyn,40.6529,-74.0023,5
11232,Brooklyn,40.659333,-74.006419,5
11232,Brooklyn,40.656766,-74.004802,5
11232,Brooklyn,40.649116,-74.006479,5
11232,Brooklyn,40.659338,-74.006454,5
11233,Brooklyn,40.679727,-73.931347,1
11235,Brooklyn,40.589167,-73.960707,2
11235,Brooklyn,40.589167,-73.960707,2
11236,Brooklyn,40.64554,-73.918344,2
11236,Brooklyn,40.64554,-73.918344,2
11237,Brooklyn,40.69604,-73.90662,1
11238,Brooklyn,40.6775259,-73.9657852,11
11238,Brooklyn,40.682964,-73.96582,11
11238,Brooklyn,40.681953,-73.964405,11
11238,Brooklyn,40.68092,-73.97076,11
11238,Brooklyn,40.675159,-73.958501,11
11238,Brooklyn,40.684979,-73.967922,11
11238,Brooklyn,40.682176,-73.96585,11
11238,Brooklyn,40.681764,-73.965799,11
11238,Brooklyn,40.682163,-73.966003,11
11238,Brooklyn,40.682187,-73.965853,11
11238,Brooklyn,40.682187,-73.965917,11
11239,Brooklyn,40.657441,-73.874619,1
10301,Staten Island,40.639469,-74.076912,2
10301,Staten Island,40.644065,-74.075153,2
10303,Staten Island,40.630898,-74.168358,1
10305,Staten Island,40.588091,-74.089936,8
10305,Staten Island,40.584709,-74.086124,8
10305,Midland Beach,40.572636,-74.08616,8
10305,Midland Beach,40.572636,-74.08614,8
10305,South Beach,40.58297,-74.07527,8
10305,South Beach,40.582787,-74.07527,8
10305,New York,40.584984,-74.088044,8
10305,Staten Island,40.59751067999147,-74.0836837458115,8
10306,Staten Island,40.581432,-74.097694,2
10306,Staten Island,40.569063603,-74.109547715,2
10307,Staten Island,40.513465,-74.251418,1
10309,New York City,40.527543,-74.23131,2
10309,Staten Island,40.516758,-74.196379,2
10310,Staten Island,40.629216,-74.111537,1
10314,Staten Island,40.587162,-74.194747,20
10314,Staten Island,40.58269775,-74.1678755,20
10314,Staten Island,40.5817345,-74.1684335,20
10314,Staten Island,40.5811275,-74.1679225,20
10314,Staten Island,40.583139,-74.166332,20
10314,Staten Island,40.612696,-74.179012,20
10314,Staten Island,40.612678,-74.178885,20
10314,Staten Island,40.612688,-74.178948,20
10314,Staten Island,40.612671,-74.17882,20
10314,Staten Island,40.612706,-74.179076,20
10314,Staten Island,40.604086,-74.179358,20
10314,Staten Island,40.604324,-74.179675,20
10314,Staten Island,40.60429,-74.17979,20
10314,Staten Island,40.604252,-74.179682,20
10314,Staten Island,40.604213,-74.179561,20
10314,Staten Island,40.604082,-74.179499,20
10314,Staten Island,40.603961,-74.179472,20
10314,Staten Island,40.60401,-74.179524,20
10314,Staten Island,40.604322,-74.179683,20
10314,Staten Island,40.604154,-74.179546,20
10001,New York,40.749073,-73.990032,14
10001,New York,40.746304,-73.995064,14
10001,New York,40.752205,-74.001493,14
10001,New York,40.75277,-74.00265,14
10001,New York,40.745842,-73.990103,14
10001,New York,40.74979,-74.005335,14
10001,New York,40.753049,-74.003333,14
10001,New York,40.750397,-74.006467,14
10001,New York,40.758681,-73.98135,14
10001,New York,40.74508,-73.97604,14
10001,New York,40.74709,-73.98667,14
10001,New York,40.747434,-74.000085,14
10001,New York,40.747486,-74.000069,14
10001,New York,40.7454,-73.99542,14
10002,New York,40.714821,-73.987138,6
10002,New York,40.717143,-73.991597,6
10002,New York,40.717153,-73.991869,6
10002,New York,40.719319,-73.988197,6
10002,New York,40.717195,-73.991658,6
10002,New York,40.7156449097173,-73.9808096971768,6
10003,New York,40.734939,-73.989409,15
10003,New York,40.735736,-73.988745,15
10003,New York,40.732085,-73.995829,15
10003,New York,40.732519,-73.995135,15
10003,New York,40.736293,-73.991939,15
10003,New York,40.730017,-73.985512,15
10003,New York,40.728287,-73.992746,15
10003,New York,40.730487,-73.993569,15
10003,New York,40.731887,-73.991906,15
10003,New York,40.731257,-73.992101,15
10003,New York,40.7297,-73.991565,15
10003,Manhattan,40.735496,-73.985024,15
10003,New York,40.733934,-73.993118,15
10003,New York,40.730723,-73.990854,15
10003,New York,40.7362174,-73.98666508,15
10004,New York,40.704514,-74.01074,3
10004,New York,40.727797,-73.990746,3
10004,New York,40.70568,-74.0136,3
10005,New York,40.705922,-74.010175,3
10005,New York,40.705115,-74.008089,3
10005,New York,40.704776,-74.008276,3
10006,New York,40.710179,-74.013169,2
10006,New York,40.709687,-74.010968,2
10007,New York,40.714723,-74.005143,7
10007,New York,40.716256,-74.012543,7
10007,New York,40.715071,-74.012203,7
10007,New York,40.714266,-74.009921,7
10007,New York,40.7163,-74.01258,7
10007,New York,40.714463,-74.01098,7
10007,New York,40.713898,-74.00434,7
10010,New York,40.737533,-73.980437,11
10010,New York,40.744467,-73.990662,11
10010,New York,40.740458,-73.989037,11
10010,New York,40.742059,-73.992694,11
10010,New York,40.735608,-73.983111,11
10010,Manhattan,40.736778,-73.979688,11
10010,New York,40.737182,-73.976713,11
10010,New York,40.736148,-73.980154,11
10010,New York,40.736161,-73.980267,11
10010,New York,40.74057,-73.99147,11
10010,New York,40.7392528900457,-73.9823287610015,11
10011,New York,40.737171,-73.994331,18
10011,New York,40.738371,-73.99688,18
10011,New York,40.736973,-73.99787,18
10011,New York,40.741554,-73.995403,18
10011,New York,40.740243,-73.997591,18
10011,New York,40.737891,-73.994058,18
10011,New York,40.737108,-74.000358,18
10011,New York,40.735706,-73.995058,18
10011,New York,40.742407,-73.999351,18
10011,New York,40.741515,-74.004608,18
10011,New York,40.746847,-74.001816,18
10011,New York,40.749255,-74.005914,18
10011,New York,40.737122,-73.996119,18
10011,New York,40.749296,-74.006017,18
10011,New York,40.747437,-74.007111,18
10011,New York,40.743832,-74.006578,18
10011,New York,40.741421,-74.003186,18
10011,New York,40.73237,-73.99678,18
10012,New York,40.721713,-73.987533,5
10012,New York,40.729234,-73.999013,5
10012,New York,40.73137973,-74.0007049,5
10012,New York,40.728283,-73.997251,5
10012,New York,40.72808,-73.99724,5
10013,New York,40.717522,-73.997302,12
10013,New York,40.716268,-74.009491,12
10013,New York,40.719869,-74.007447,12
10013,New York,40.717686,-74.010613,12
10013,New York,40.721801,-74.004237,12
10013,New York,40.723617,-74.010915,12
10013,New York,40.719825,-74.010137,12
10013,New York,40.716966,-73.996707,12
10013,New York,40.721658,-74.004402,12
10013,New York,40.719772,-74.010475,12
10013,New York,40.713246,-74.001,12
10013,New York,40.716079,-74.002165,12
10014,New York,40.734006,-74.009079,10
10014,New York,40.773415,-73.959234,10
10014,New York,40.735597,-74.007693,10
10014,New York,40.729364,-74.008513,10
10014,New York,40.738733,-74.006009,10
10014,New York,40.734412,-74.007184,10
10014,New York,40.740939,-74.00824,10
10014,New York,40.737537,-74.00983,10
10014,New York,40.73491,-74.001634,10
10014,New York,40.728704,-74.00765,10
10016,New York,40.74556,-73.985539,27
10016,New York,40.745603,-73.98185,27
10016,New York,40.750013,-73.978525,27
10016,New York,40.745432,-73.97956,27
10016,New York,40.742821,-73.980913,27
10016,New York,40.746022,-73.978693,27
10016,New York,40.744916,-73.980228,27
10016,New York,40.744244,-73.984116,27
10016,New York,40.747478,-73.98504,27
10016,New York,40.746851,-73.972901,27
10016,New York,40.746565,-73.971591,27
10016,New York,40.743405,-73.974735,27
10016,New York,40.743971,-73.971882,27
10016,New York,40.716079,-74.015929,27
10016,New York,40.747962,-73.976569,27
10016,New York,40.742735,-73.974296,27
10016,New York,40.747299,-73.981039,27
10016,New York,40.74793,-73.974556,27
10016,New York,40.7440113,-73.9741155,27
10016,New York,40.744731,-73.981125,27
10016,New York,40.748359,-73.972213,27
10016,New York,40.745096,-73.971921,27
10016,New York,40.74415,-73.98046,27
10016,New York,40.74538,-73.98571,27
10016,New York,40.74282,-73.97438,27
10016,New York,40.741065,-73.975788,27
10016,New York,40.74437,-73.97561,27
10017,New York,40.753356,-73.971685,7
10017,New York,40.751867,-73.972873,7
10017,New York,40.751847,-73.971348,7
10017,New York,40.753079,-73.968032,7
10017,New York,40.752641,-73.965187,7
10017,New York,40.754709,-73.973391,7
10017,New York,40.7537571,-73.9783437999999,7
10018,New York,40.756892,-73.991771,3
10018,New York,40.750844,-73.986188,3
10018,New York,40.75628,-73.99461,3
10019,New York,40.762234,-73.979036,35
10019,New York,40.762855,-73.977795,35
10019,New York,40.763279,-73.98086,35
10019,New York,40.764261,-73.982974,35
10019,New York,40.762568,-73.982718,35
10019,New York,40.765844,-73.982481,35
10019,New York,40.764748,-73.982676,35
10019,New York,40.762411,-73.984495,35
10019,New York,40.76696,-73.983569,35
10019,New York,40.767879,-73.983656,35
10019,New York,40.766971,-73.987441,35
10019,New York,40.76476,-73.976153,35
10019,New York,40.770709,-73.991725,35
10019,New York,40.77108,-73.993142,35
10019,New York,40.7615893,-73.9752106,35
10019,New York,40.764259,-73.974972,35
10019,New York,40.768432,-73.984033,35
10019,New York,40.764655,-73.9761,35
10019,New York,40.761376,-73.985273,35
10019,New York,40.764609,-73.979517,35
10019,New York,40.768721,-73.983487,35
10019,New York,40.766719,-73.979533,35
10019,New York,40.7616221,-73.9754656,35
10019,New York,40.76324463,-73.98864745,35
10019,New York,40.76709,-73.98733,35
10019,New York,40.76154,-73.98518,35
10019,New York,40.761698,-73.978338,35
10019,New York,40.772839,-73.992493,35
10019,New York,40.768211,-73.989479,35
10019,New York,40.77081,-73.99214,35
10019,New York,40.761376,-73.985273,35
10019,New York,40.76316,-73.98008,35
10019,New York,40.76458,-73.98504,35
10019,New York,40.76293,-73.98729,35
10019,New York,40.76282,-73.97725,35
10021,Brooklyn,40.702194,-73.98672,28
10021,New York,40.773256,-73.959334,28
10021,New York,40.770601,-73.960531,28
10021,New York,40.765108,-73.963389,28
10021,New York,40.768283,-73.961149,28
10021,New York,40.762678,-73.965447,28
10021,New York,40.785296,-73.947487,28
10021,New York,40.769947,-73.956989,28
10021,New York,40.760098,-73.988828,28
10021,New York,40.77364,-73.963722,28
10021,New York,40.77438,-73.963157,28
10021,New York,40.764617,-73.969764,28
10021,New York,40.766708,-73.955483,28
10021,New York,40.766736,-73.951891,28
10021,New York,40.774207,-73.96282,28
10021,New York,40.770292,-73.967735,28
10021,New York,40.773004,-73.966152,28
10021,New York,40.766554,-73.952905,28
10021,New York,40.765313,-73.955553,28
10021,New York,40.7702,-73.95525,28
10021,New York,40.76894,-73.96047,28
10021,New York,40.77082,-73.96068,28
10021,New York,40.76945,-73.96154,28
10021,New York,40.766545,-73.95292,28
10021,New York,40.77049,-73.96077,28
10021,New York,40.77292688873804,-73.95955810985014,28
10021,New York,40.76957,-73.95589,28
10021,New York,40.76928,-73.95586,28
10022,New York,40.76306,-73.968409,22
10022,New York,40.760648,-73.974193,22
10022,New York,40.759437,-73.96767,22
10022,New York,40.757146,-73.966135,22
10022,New York,40.760462,-73.964086,22
10022,New York,40.759127,-73.964684,22
10022,New York,40.756722,-73.97406,22
10022,New York,40.755363,-73.963841,22
10022,New York,40.755289,-73.963804,22
10022,New York,40.75552,-73.962734,22
10022,New York,40.758519,-73.961272,22
10022,New York,40.756766,-73.967481,22
10022,New York,40.757223,-73.963011,22
10022,New York,40.7613979,-73.9746128,22
10022,New York,40.754022,-73.965166,22
10022,New York,40.762254,-73.970024,22
10022,New York,40.7565187377,-73.9610743999,22
10022,New York,40.75657,-73.96226,22
10022,New York,40.75267,-73.96482,22
10022,New York,40.759299,-73.968603,22
10022,New York,40.760378,-73.971062,22
10022,New York,40.760403,-73.97105,22
10023,New York,40.780976,-73.980414,22
10023,New York,40.772742,-73.979503,22
10023,New York,40.775065,-73.988572,22
10023,New York,40.77592,-73.98313,22
10023,New York,40.776813,-73.977083,22
10023,New York,40.771555,-73.986428,22
10023,New York,40.772574,-73.981951,22
10023,New York,40.775283,-73.981627,22
10023,New York,40.781547,-73.980475,22
10023,New York,40.780027,-73.982823,22
10023,New York,40.770772,-73.981795,22
10023,New York,40.771626,-73.981032,22
10023,New York,40.778221,-73.985072,22
10023,New York,40.77493,-73.980969,22
10023,New York,40.78131,-73.980834,22
10023,New York,40.780397,-73.977729,22
10023,New York,40.781104,-73.984478,22
10023,New York,40.78126,-73.98044,22
10023,New York,40.7708,-73.98323,22
10023,New York,40.776152,-73.98282,22
10023,New York,40.777905,-73.982299,22
10023,New York,40.77349758816229,-73.98137367362845,22
10024,New York,40.775474,-73.989763,10
10024,New York,40.788614,-73.97118,10
10024,New York,40.788008,-73.971611,10
10024,New York,40.779338,-73.987493,10
10024,New York,40.786099,-73.977303,10
10024,New York,40.78411,-73.980641,10
10024,New York,40.784831,-73.982085,10
10024,New York,40.794519,-73.963445,10
10024,Manhattan,40.790046,-73.972531,10
10024,Manhattan,40.786312,-73.97569,10
10025,New York,40.793158,-73.970319,22
10025,New York,40.797359,-73.968718,22
10025,New York,40.798108,-73.968204,22
10025,New York,40.76332,-73.962938,22
10025,New York,40.795624,-73.971961,22
10025,New York,40.797743,-73.960441,22
10025,New York,40.721437,-74.001238,22
10025,New York,40.80443,-73.961373,22
10025,New York,40.802151,-73.961705,22
10025,New York,40.803963,-73.966032,22
10025,New York,40.793877,-73.967498,22
10025,New York,40.776574,-73.96047,22
10025,New York,40.797771,-73.96142,22
10025,New York,40.803934,-73.966049,22
10025,New York,40.795783,-73.973678,22
10025,New York,40.807356,-73.954354,22
10025,New York,40.793416,-73.967719,22
10025,New York,40.789958,-73.966488,22
10025,New York,40.79743,-73.9687,22
10025,New York,40.79766,-73.96838,22
10025,New York,40.79766,-73.96838,22
10025,New York,40.79743,-73.9687,22
10026,New York,40.80155,-73.948499,1
10027,New York,40.811187,-73.963571,2
10027,New York,40.811446,-73.960477,2
10028,New York,40.782031,-73.959484,23
10028,New York,40.779211,-73.960949,23
10028,New York,40.774511,-73.952039,23
10028,New York,40.775123,-73.951193,23
10028,New York,40.779876,-73.958579,23
10028,New York,40.775968,-73.947846,23
10028,New York,40.783085,-73.956304,23
10028,New York,40.772712,-73.947045,23
10028,New York,40.772681,-73.945488,23
10028,Manhattan,40.7759529,-73.949738,23
10028,Manhattan,40.777924,-73.957245,23
10028,New York,40.77599,-73.95044,23
10028,New York,40.773472,-73.955287,23
10028,New York,40.777737,-73.957413,23
10028,New York,40.78147,-73.95986,23
10028,New York,40.77447,-73.94599,23
10028,New York,40.772,-73.94639,23
10028,Manhattan,40.777932,-73.957152,23
10028,New York,40.77798,-73.95555,23
10028,New York,40.77533,-73.95108,23
10028,New York,40.77901,-73.96079,23
10028,New York,40.77968,-73.95657,23
10028,New York,40.77866,-73.95739,23
10029,New York,40.79136,-73.952155,4
10029,New York,40.787402,-73.950546,4
10029,New York,40.791267,-73.952039,4
10029,New York,40.786732,-73.950411,4
10030,New York,40.816777,-73.947435,1
10032,New York,40.839756,-73.943345,2
10032,New York,40.83597,-73.94133,2
10033,Manhattan,40.836588,-73.941328,7
10033,Manhattan,40.852461,-73.934084,7
10033,Manhattan,40.848358,-73.931743,7
10033,Washington Heights,40.847422,-73.937922,7
10033,New York,40.848202,-73.935857,7
10033,New York,40.847563,-73.934481,7
10033,New York,40.847958,-73.935109,7
10035,New York,40.800793,-73.9371,4
10035,New York,40.792194,-73.92455,4
10035,New York,40.7923,-73.92468,4
10035,New York,40.79237,-73.924644,4
10036,New York,40.762442,-74.000055,12
10036,Manhattan,40.76073,-73.985995,12
10036,New York,40.755856,-73.984313,12
10036,New York,40.758586,-73.991341,12
10036,New York,40.761018,-73.99878,12
10036,New York,40.762189,-73.999714,12
10036,New York City,40.758305,-73.980311,12
10036,Manhattan,40.764495,-73.996651,12
10036,New York,40.759223,-73.992703,12
10036,New York,40.7624,-73.99635,12
10036,New York,40.758967,-73.995189,12
10036,New York,40.76087,-73.99774,12
10038,New York,40.710786,-74.006017,2
10038,New York,40.710019,-74.004385,2
10044,New York,40.755093,-73.955605,11
10044,New York,40.764464,-73.946924,11
10044,New York,40.764208,-73.947198,11
10044,New York,40.764429,-73.946793,11
10044,New York,40.755077,-73.955605,11
10044,New York,40.755024,-73.955605,11
10044,New York,40.75533,-73.95569,11
10044,New York,40.755314,-73.955605,11
10044,New York,40.75516,-73.955605,11
10044,New York,40.755142,-73.9556,11
10044,New York,40.755108,-73.955605,11
10065,Manhattan,40.766853,-73.967711,22
10065,Manhattan,40.763981,-73.964368,22
10065,New York,40.77735,-73.958352,22
10065,New York,40.766495,-73.9667,22
10065,New York,40.7758,-73.95087,22
10065,New York,40.767743,-73.963665,22
10065,New York,40.767615,-73.961509,22
10065,New York,40.764552,-73.962034,22
10065,New York,40.769061,-73.96876,22
10065,New York,40.763488,-73.961323,22
10065,New York,40.760289,-73.959501,22
10065,New York,40.764423,-73.968865,22
10065,New York,40.768144,-73.966736,22
10065,New York,40.765378,-73.955054,22
10065,New York,40.767342,-73.960835,22
10065,New York,40.769134,-73.968707,22
10065,New York,40.763723,-73.956354,22
10065,New York,40.764935,-73.96063,22
10065,New York,40.764945,-73.960624,22
10065,New York,40.76327,-73.9634,22
10065,New York,40.76318,-73.96684,22
10065,New York,40.76775,-73.9666,22
10069,New York,40.778412,-73.988294,13
10069,New York,40.707679,-74.004687,13
10069,New York,40.775374,-73.989687,13
10069,New York,40.772871,-73.992514,13
10069,New York,40.773005,-73.992868,13
10069,New York,40.772952,-73.992622,13
10069,New York,40.772896,-73.992536,13
10069,New York,40.772904,-73.992514,13
10069,New York,40.77292,-73.992546,13
10069,New York,40.772912,-73.992589,13
10069,New York,40.7733,-73.991532,13
10069,New York,40.772896,-73.992546,13
10069,New York,40.772916,-73.99263,13
10075,New York,40.771794,-73.955624,12
10075,New York,40.773225,-73.952643,12
10075,New York,40.771918,-73.951679,12
10075,New York,40.771879,-73.951627,12
10075,New York,40.776006,-73.961627,12
10075,New York,40.771382,-73.948344,12
10075,New York,40.77331,-73.952621,12
10075,Manhattan,40.773665,-73.958333,12
10075,New York,40.774878,-73.960671,12
10075,New York,40.76939,-73.96546,12
10075,New York,40.77397,-73.9539,12
10075,Manhattan,40.773528,-73.959538,12
10128,New York,40.783536,-73.949507,15
10128,New York,40.782212,-73.95023,15
10128,New York,40.78098,-73.951145,15
10128,New York,40.781413,-73.946377,15
10128,New York,40.782091,-73.946029,15
10128,New York,40.78567,-73.954593,15
10128,New York,40.776461,-73.944363,15
10128,New York,40.78859,-73.97118,15
10128,New York,40.784865,-73.948526,15
10128,New York,40.775792,-73.944015,15
10128,New York,40.77729,-73.94355,15
10128,New York,40.78351,-73.94888,15
10128,New York,40.780678,-73.956269,15
10128,New York,40.7796871,-73.952595,15
10128,ny,40.7844709,-73.956859,15
10280,New York,40.708165,-74.016641,6
10280,New York,40.711145,-74.016332,6
10280,New York,40.706965,-74.017971,6
10280,New York,40.70663,-74.016916,6
10280,New York,40.707738,-74.016845,6
10280,Manhattan,40.709803,-74.015771,6
10282,New York,40.77373,-73.989713,5
10282,New York,40.71695,-74.014948,5
10282,New York,40.716131,-74.015548,5
10282,New York,40.716132,-74.015557,5
10282,New York,40.716133,-74.01556,5